decoder,k,distance,flag_config,axis,noise_mode,physical_error_rate,shots,errors,logical_error_rate,error_bar,seconds
flag_aware_reweight,1,3,partial,y,interface_only,0.001778,58505,153,0.0026151610973421074,0.00021142324377152347,8.102637249743566
pymatching,1,3,partial,y,interface_only,0.001778,19729,156,0.007907141770997009,0.0006330780068324191,0.022074585082009435
pymatching,1,3,partial,y,interface_only,0.001,41233,150,0.003637862876821963,0.0002970302600809034,0.06451954203657806
correlated_pymatching,1,3,partial,y,interface_only,0.001,50449,153,0.0030327657634442702,0.0002451845800085825,0.8552467110566795
flag_aware,1,3,partial,y,interface_only,0.001778,65809,152,0.0023097144767433024,0.00018734258241179705,22.467264130245894
tesseract,1,3,partial,y,interface_only,0.001,246921,151,0.0006115316234747146,4.97657377357313e-05,75.94243286550045
flag_aware_reweight,1,3,partial,y,interface_only,0.001,178313,150,0.000841217409835514,6.868511389475747e-05,16.82619538041763
flag_aware,1,3,partial,y,interface_only,0.001,171557,150,0.0008743449698933882,7.13899678469307e-05,34.89172737719491
correlated_pymatching,1,3,partial,y,interface_only,0.001778,21573,159,0.007370324016131275,0.0005845047148249428,0.38022995716892183
tesseract,1,3,partial,y,interface_only,0.001778,72977,151,0.002069145073105225,0.0001683846380016239,41.19055987824686
pymatching,1,3,partial,y,interface_only,0.003162,8465,163,0.019255759007678678,0.0015082274465214062,0.007156167412176728
correlated_pymatching,1,3,partial,y,interface_only,0.003162,12561,160,0.012737839344001274,0.0010070146199087269,0.13409758382476866
flag_aware_reweight,1,3,partial,y,interface_only,0.003162,16457,155,0.009418484535456037,0.0007565108827847562,3.79087833291851
flag_aware,1,3,partial,y,interface_only,0.003162,20325,150,0.007380073800738007,0.000602580502529687,11.696792953880504
tesseract,1,3,partial,y,interface_only,0.003162,27281,151,0.005534987720391482,0.0004504309126294677,28.51348045724444
pymatching,1,3,partial,y,interface_only,0.005623,4369,153,0.03501945525291829,0.0028311551560661436,0.006043293047696352
correlated_pymatching,1,3,partial,y,interface_only,0.005623,5393,160,0.02966808826256258,0.002345468318315134,0.04987837583757937
flag_aware_reweight,1,3,partial,y,interface_only,0.005623,5905,157,0.026587637595258257,0.002121924485375388,1.962560461834073
flag_aware,1,3,partial,y,interface_only,0.005623,5649,153,0.027084439723844927,0.0021896471723938716,6.046175749273971
tesseract,1,3,partial,y,interface_only,0.005623,8209,155,0.018881715190644414,0.0015166158603957525,17.419242416741326
pymatching,1,3,partial,y,interface_only,0.01,2321,195,0.08401551055579491,0.006016475675902172,0.0038409577682614326
correlated_pymatching,1,3,partial,y,interface_only,0.01,2321,168,0.07238259370960792,0.005584438344168772,0.06321587483398616
flag_aware_reweight,1,3,partial,y,interface_only,0.01,3345,221,0.06606875934230194,0.004444265694265622,1.6379199991934001
flag_aware,1,3,partial,y,interface_only,0.01,2065,161,0.07796610169491526,0.006144589607965869,3.8225446245633066
tesseract,1,3,partial,y,interface_only,0.01,3089,155,0.05017805114923923,0.00403039805697272,14.084130165399984
pymatching,2,5,partial,y,interface_only,0.001,135441,150,0.001107493299665537,9.042644925772765e-05,0.2982484141830355
correlated_pymatching,2,5,partial,y,interface_only,0.001,232721,150,0.0006445486225995935,5.262717465942434e-05,5.630468625575304
flag_aware_reweight,2,5,partial,y,interface_only,0.001,274901,150,0.0005456509798072761,4.455221593925046e-05,169.01963062095456
flag_aware,2,5,partial,y,interface_only,0.001,279381,150,0.0005369012209133764,4.383780111716935e-05,586.5203691588249
tesseract,2,5,partial,y,interface_only,0.001,300000,5,1.6666666666666667e-05,7.453559924999299e-06,512.0039177155122
pymatching,2,5,partial,y,interface_only,0.001778,42257,150,0.003549707740729347,0.00028983242335981944,0.0998150440864265
correlated_pymatching,2,5,partial,y,interface_only,0.001778,74001,151,0.0020405129660409993,0.00016605459017370722,1.6807689124252647
flag_aware_reweight,2,5,partial,y,interface_only,0.001778,96791,150,0.0015497308634067218,0.0001265349951329761,101.0397645777557
flag_aware,2,5,partial,y,interface_only,0.001778,105573,151,0.001430289941557027,0.00011639534471355846,364.4149187016301
tesseract,2,5,partial,y,interface_only,0.001778,300000,32,0.00010666666666666667,1.8856180831641267e-05,961.542086702073
pymatching,2,5,partial,y,interface_only,0.003162,13585,150,0.01104158998895841,0.000901542047399035,0.04312750021927059
correlated_pymatching,2,5,partial,y,interface_only,0.003162,23825,155,0.0065057712486883525,0.000522556121636463,0.719916666392237
flag_aware_reweight,2,5,partial,y,interface_only,0.003162,26773,151,0.005640010458297539,0.00045897754183111747,45.510866122087464
flag_aware,2,5,partial,y,interface_only,0.003162,28085,151,0.005376535517179989,0.00043753625520543023,170.03585817152634
tesseract,2,5,partial,y,interface_only,0.003162,201393,150,0.0007448123817610344,6.081367631405208e-05,1424.4679107153788
pymatching,2,5,partial,y,interface_only,0.005623,5393,166,0.030780641572408677,0.00238904111380032,0.01677554240450263
correlated_pymatching,2,5,partial,y,interface_only,0.005623,6417,151,0.02353124513012311,0.0019149455707409239,0.22858087462373078
flag_aware_reweight,2,5,partial,y,interface_only,0.005623,6763,151,0.02232736951057223,0.0018169755622422753,16.09337858320214
flag_aware,2,5,partial,y,interface_only,0.005623,8469,150,0.017711654268508677,0.00144615051528113,87.02374425251037
tesseract,2,5,partial,y,interface_only,0.005623,41433,150,0.0036203026573021504,0.0002955964741610767,1006.5412824628875
pymatching,2,5,partial,y,interface_only,0.01,2321,221,0.0952175786299009,0.006405027465453902,0.012744333129376173
correlated_pymatching,2,5,partial,y,interface_only,0.01,2321,170,0.07324429125376992,0.005617580702458121,0.13324120687320828
flag_aware_reweight,2,5,partial,y,interface_only,0.01,2085,152,0.07290167865707434,0.005913106957284389,7.36615400086157
flag_aware,2,5,partial,y,interface_only,0.01,2489,152,0.061068702290076333,0.004953325836053818,46.29981187847443
tesseract,2,5,partial,y,interface_only,0.01,7007,150,0.02140716426430712,0.0017478876429164964,1011.5295060116332
pymatching,3,7,partial,y,interface_only,0.001,187665,150,0.0007992966189753017,6.526229565404252e-05,0.8946832506917417
correlated_pymatching,3,7,partial,y,interface_only,0.001,300000,13,4.3333333333333334e-05,1.201850425154663e-05,13.229180585360155
flag_aware_reweight,3,7,partial,y,interface_only,0.001,300000,3,1e-05,5.773502691896257e-06,841.5791285503656
flag_aware,3,7,partial,y,interface_only,0.001,300000,11,3.6666666666666666e-05,1.1055415967851333e-05,3016.839542212663
tesseract,3,7,partial,y,interface_only,0.001,300000,0,0.0,3.3333333333333333e-06,1414.2244817162864
pymatching,3,7,partial,y,interface_only,0.001778,58641,150,0.00255793727937791,0.00020885470428396328,0.3057645841035992
correlated_pymatching,3,7,partial,y,interface_only,0.001778,300000,95,0.00031666666666666665,3.2489314482696544e-05,13.982925418764353
flag_aware_reweight,3,7,partial,y,interface_only,0.001778,300000,48,0.00016,2.3094010767585028e-05,1349.3587789183948
flag_aware,3,7,partial,y,interface_only,0.001778,300000,63,0.00021,2.6457513110645906e-05,5225.980747687165
tesseract,3,7,partial,y,interface_only,0.001778,300000,3,1e-05,5.773502691896257e-06,2485.624121095985
pymatching,3,7,partial,y,interface_only,0.003162,18705,158,0.008446939321037156,0.0006720024105841505,0.08012645784765482
correlated_pymatching,3,7,partial,y,interface_only,0.003162,97417,151,0.0015500374677930957,0.0001261402601952894,5.340825327904895
flag_aware_reweight,3,7,partial,y,interface_only,0.003162,142527,150,0.0010524321707465953,8.593072690729399e-05,892.1564051182941
flag_aware,3,7,partial,y,interface_only,0.003162,126200,152,0.0012044374009508717,9.769277342264621e-05,3423.943009165814
tesseract,3,7,partial,y,interface_only,0.003162,300000,30,0.0001,1.825741858350554e-05,6440.289387337863
pymatching,3,7,partial,y,interface_only,0.005623,5393,176,0.03263489708881884,0.0024599479253516777,0.05398212419822812
correlated_pymatching,3,7,partial,y,interface_only,0.005623,17681,150,0.008483683049601266,0.0006926898203673938,1.5124104560818523
flag_aware_reweight,3,7,partial,y,interface_only,0.005623,22955,150,0.00653452406883032,0.0005335416560189889,205.98209775588475
flag_aware,3,7,partial,y,interface_only,0.005623,20896,150,0.007178407350689127,0.0005861145058344129,939.1384782772511
tesseract,3,7,partial,y,interface_only,0.005623,172308,150,0.000870534159760429,7.10788165025181e-05,19832.806879148353
pymatching,3,7,partial,y,interface_only,0.01,2321,238,0.1025420077552779,0.0066468111247486045,0.044348791940137744
correlated_pymatching,3,7,partial,y,interface_only,0.01,4369,193,0.044174868390936144,0.0031797766055046473,0.6065932889468968
flag_aware_reweight,3,7,partial,y,interface_only,0.01,3071,150,0.04884402474763921,0.003988097920519664,34.15710904402658
flag_aware,3,7,partial,y,interface_only,0.01,3417,151,0.044190810652619254,0.003596197169284316,263.6745004958939
tesseract,3,7,partial,y,interface_only,0.01,14269,150,0.010512299390286636,0.0008583256509857657,12639.79587464151
